<DATE>	<OPEN>	<HIGH>	<LOW>	<CLOSE>	<TICKVOL>	<VOL>	<SPREAD>
2021.05.24	122950	124425	122700	124140	3366737	13710469	5
2021.05.25	124065	124930	122890	123315	3784471	15984650	5
2021.05.26	123520	124510	123505	123890	3376831	13901269	5
2021.05.27	123890	124740	123625	124600	3528123	15738571	5
2021.05.28	124840	125880	124350	125515	3190263	13552662	5
2021.05.31	125515	126340	125390	126140	2863533	11353150	5
2021.06.01	126600	128560	126345	128430	3418814	15208910	5
2021.06.02	128260	129675	128050	129430	3578740	15899265	5
2021.06.04	129105	130280	129105	130080	3886638	15915099	5
2021.06.07	130175	131360	129560	130515	4106576	18050957	5
2021.06.08	130605	130895	129320	130025	4324569	19705616	5
2021.06.09	130040	130960	129365	129765	4602259	20707106	5
2021.06.10	129800	130660	129500	130100	4755977	20864259	5
2021.06.11	130385	130425	128640	129560	3649464	14867216	5
2021.06.14	129760	131150	129650	130210	3815918	16997722	5
2021.06.15	130380	130385	129235	130075	4632594	19979054	5
2021.06.16	130705	131165	129085	129945	4627449	20603446	5
2021.06.17	129850	130745	128325	129290	4769277	20856293	5
2021.06.18	129350	129580	128250	128510	4721279	20191211	5
2021.06.21	128995	130230	128755	129900	3970089	16042274	5
2021.06.22	129915	129930	128480	129760	4298227	18764218	5
2021.06.23	129760	130645	128835	129240	3979650	17181714	5
2021.06.24	129685	130325	129500	130125	3851654	16508928	5
2021.06.25	130285	130450	127235	128145	4467254	19161765	5
2021.06.28	128045	128765	126945	128000	4429552	18774418	5
2021.06.29	127900	128100	126765	127775	4173063	18784731	5
2021.06.30	127400	127835	126750	126985	4248136	19711908	5
2021.07.01	127435	127735	125485	126080	4756819	21620870	5
2021.07.02	126300	128430	126080	128420	4022540	17271363	5
2021.07.05	128000	128235	127015	127700	3607328	14128714	5
2021.07.06	127525	127625	125300	125360	4660318	19925231	5
2021.07.07	125980	127745	125670	127395	4383205	19486281	5
2021.07.08	125680	126440	124725	125700	5006730	20676648	5
2021.07.12	126550	128500	126160	128500	3755903	17303921	5
2021.07.13	128175	128990	126820	128820	4577562	20670687	5
2021.07.14	128930	130140	128530	129000	4814009	21675259	5
2021.07.15	128570	129485	127305	128045	4767900	21129032	5
2021.07.16	128145	128530	126180	126455	4298524	18378380	5
2021.07.19	124750	125190	123660	125060	5378684	22219955	5
2021.07.20	125680	126060	123905	125580	5038200	21960209	5
2021.07.21	125750	126510	125530	126425	4339952	18448486	5
2021.07.22	126450	126820	125690	126575	3851995	17262828	5
2021.07.23	126900	126945	124685	124985	3564233	16028366	5
2021.07.26	125110	126580	125015	126215	3244259	15307632	5
2021.07.27	125865	125955	123945	124765	3976271	18246810	5
2021.07.28	125260	127060	125240	126305	4249564	19305780	5
2021.07.29	126415	127145	125140	125490	4139979	19291308	5
2021.07.30	124840	125245	121800	122340	4405471	20658210	5
2021.08.02	123695	124805	121985	123180	4704272	21173113	5
2021.08.03	123220	124020	120955	123230	5831482	22016279	5
2021.08.04	123230	123820	121135	122020	5874961	21535442	5
2021.08.05	123250	123800	120835	121100	5421221	20283425	5
2021.08.06	121520	123470	121100	123070	4630735	17005303	5
2021.08.09	122500	123790	122160	123015	4634214	18340996	5
2021.08.10	123285	123660	122150	122450	4872326	19298498	5
2021.08.11	122725	122900	120855	122130	5123495	20083892	5
2021.08.12	122390	122455	120370	120700	4812509	19088606	5
2021.08.13	120890	121335	119940	121195	5172695	19329100	5
2021.08.16	120550	120760	118700	119630	4898102	20537955	5
2021.08.17	119315	119340	116220	117150	6334671	26212646	5
2021.08.18	118890	119685	116470	116960	5836755	23094955	5
2021.08.19	115200	118415	114825	118040	6279816	24927564	5
2021.08.20	117280	119160	116425	118935	5178160	19632485	5
2021.08.23	119300	119595	117745	118060	5234321	20190189	5
2021.08.24	118910	121275	118880	121275	4424832	18753377	5
2021.08.25	121145	121590	119845	121390	4626070	18972946	5
2021.08.26	121050	121560	119030	119575	5069612	20805109	5
2021.08.27	119985	121400	119660	120850	3974375	16202875	5
2021.08.30	121120	121200	119900	120630	4091870	17298271	5
2021.08.31	120190	120795	118415	119200	5471402	21567043	5
2021.09.01	119400	120615	118625	119180	5144525	20338473	5
2021.09.02	119595	119735	116920	117160	5751495	22396327	5
2021.09.03	117665	118350	116085	116855	5236082	19873990	5
2021.09.06	117200	118585	116530	118370	3748279	14006225	5
2021.09.08	117150	117980	113570	113830	5985660	23855417	5
2021.09.09	114570	117245	112815	117080	7296918	25608553	5
2021.09.10	117250	118195	114400	114680	6454987	20727954	5
2021.09.13	115600	117585	115515	116680	6364696	20527849	5
2021.09.14	116300	117735	115980	116900	5917445	19757567	5
2021.09.15	116650	116980	115105	115600	5292597	17525589	5
2021.09.16	114845	115130	113705	114410	5527127	18006376	5
2021.09.17	113780	114145	111205	111205	5353155	18788141	5
2021.09.20	109205	110165	107800	109710	6609975	22258913	5
2021.09.21	110600	111190	109175	110240	6811765	22975214	5
2021.09.22	111500	113605	111500	112435	5758580	19808576	5
2021.09.23	112895	114640	112670	114010	5253213	17790865	5
2021.09.24	113265	113820	112655	113750	5188409	17461946	5
2021.09.27	114080	115115	112355	113400	5344975	20373769	5
2021.09.28	112555	113360	109980	110020	6276947	22428217	5
2021.09.29	110700	112195	110490	111140	6008221	21559767	5
2021.09.30	111650	112515	110460	110690	6262195	22560037	5
2021.10.01	111050	113150	110930	113120	5283108	19512943	5
2021.10.04	112300	112420	109900	110400	5707468	21195990	5
2021.10.05	111070	111815	110060	110300	6060619	21886869	5
2021.10.06	109290	110790	108120	110695	6662177	24490167	5
2021.10.07	111765	111765	110475	110980	5847255	20965640	5
2021.10.08	111345	114485	111245	113000	5292454	20354447	5
2021.10.11	113200	113960	112000	112100	5274503	18952546	5
2021.10.13	113370	115440	113145	114345	4902983	19190416	5
2021.10.14	115295	115530	113750	114655	4726244	17469374	5
2021.10.15	114870	115940	114110	115560	4039493	16365213	5
2021.10.18	115060	116060	113750	115290	4937005	18766110	5
2021.10.19	114890	114900	110880	112150	6454208	23257211	5
2021.10.20	112390	113135	109835	110070	6665669	23667581	5
2021.10.21	108580	110460	106595	108660	7336061	25473282	5
2021.10.22	107850	108865	103660	107000	8234388	26444600	5
2021.10.25	107905	110340	107255	109590	6432959	21379356	5
2021.10.26	109295	109305	107035	107500	6631945	22908215	5
2021.10.27	107400	109175	106885	107945	5856174	20262130	5
2021.10.28	107475	108190	104825	105470	6878855	22504620	5
2021.10.29	105855	107100	104110	104750	7127561	22265565	5
2021.11.01	105330	106930	105070	106000	6041869	19957874	5
2021.11.03	105365	107635	104830	107330	7364009	23446416	5
2021.11.04	107500	107525	103520	104030	6668076	21900062	5
2021.11.05	104600	106385	104000	105260	5785791	18499830	5
2021.11.08	104850	106475	104340	105595	6203154	19899104	5
2021.11.09	105840	107410	105455	106030	6631522	20805223	5
2021.11.10	105740	108070	105260	106940	6657785	21199739	5
2021.11.11	107550	109325	107460	108800	5847501	18603792	5
2021.11.12	108500	108675	106300	106940	6173331	19371992	5
2021.11.16	107210	107630	104610	105000	5986106	20060868	5
2021.11.17	104800	106165	102915	103700	6884508	21798650	5
2021.11.18	103800	104315	102515	103450	6514774	20922972	5
2021.11.19	103025	104495	102650	103600	5791421	18367110	5
2021.11.22	104310	105125	102400	102400	5915803	19749825	5
2021.11.23	102700	104560	102140	104500	7281831	23745698	5
2021.11.24	104000	105540	102805	104900	6341733	20858399	5
2021.11.25	104750	106875	104575	106435	5033077	16528755	5
2021.11.26	103100	104000	101770	102360	5928887	18817023	5
2021.11.29	103615	104515	102880	103320	6318981	22143364	5
2021.11.30	102350	103390	100390	102560	7251107	25347745	5
2021.12.01	103215	104435	100800	100800	7184488	24841580	5
2021.12.02	101580	104755	101505	104750	6571505	22997572	5
2021.12.03	104385	107130	103955	105650	7451620	24316471	5
2021.12.06	106160	107860	105790	107220	6752365	22374514	5
2021.12.07	108535	108985	107305	108000	6242909	20459255	5
2021.12.08	108470	108780	107480	108400	5493094	18670661	5
2021.12.09	107450	107680	105955	106410	5190815	18437385	5
2021.12.10	106850	108455	106850	108010	4566221	16578240	5
2021.12.13	108550	109625	107320	107820	4830215	17977715	5
2021.12.14	107340	109255	106440	106520	6041031	21596713	5
2021.12.15	108400	109145	107175	109075	5747854	19259075	5
2021.12.16	109830	110535	109140	109965	5482260	18670154	5
2021.12.17	109470	109500	107910	108495	5499659	18817623	5
2021.12.20	107200	107420	105685	106550	5588653	18497332	5
2021.12.21	107405	107580	106335	106640	4667303	16589166	5
2021.12.22	106550	107070	105645	106835	4347066	15387560	5
2021.12.23	107080	107245	105600	105600	3485855	13574050	5
2021.12.27	106100	106960	105935	106900	3503806	13215801	5
2021.12.28	107100	107165	105625	105960	3667839	13534152	5
2021.12.29	106100	106445	104905	104995	4135051	13634552	5
2021.12.30	105200	106490	105180	105865	4101090	12849042	5
2022.01.03	106395	107245	104360	104760	4876010	16558852	5
2022.01.04	105440	105785	104040	104435	5299069	17711170	5
2022.01.05	104570	104695	101580	101580	5872625	20679806	5
2022.01.06	101975	103180	101645	102600	6019648	19816776	5
2022.01.07	102385	103720	101855	103410	5308818	18728267	5
2022.01.10	102900	103405	101750	103315	5657825	20817377	5
2022.01.11	103400	104875	102565	104775	4979772	19154744	5
2022.01.12	104800	106740	104375	106740	5064136	19387371	5
2022.01.13	106300	107015	105650	106300	5829582	21190305	5
2022.01.14	106135	107985	105700	107985	5674912	20485106	5
2022.01.17	107660	107855	106715	107000	3843326	14107960	5
2022.01.18	106300	107745	106155	107530	5777585	22539010	5
2022.01.19	107530	109315	107510	108850	5355526	19929823	5
2022.01.20	109400	110515	108800	109850	5000271	18510736	5
2022.01.21	109500	110430	108890	109550	6856994	23576438	5
2022.01.24	108955	109350	107135	109015	8194163	27186985	5
2022.01.25	108475	111340	107625	110805	7029434	24670212	5
2022.01.26	111570	113270	111425	112080	7532199	25278224	5
2022.01.27	112110	113580	112100	112900	7206036	24713337	5
2022.01.28	112640	113480	111890	112440	6812879	22363720	5
2022.01.31	112470	113040	111575	112430	5643509	18306727	5
2022.02.01	112540	113795	112400	113745	5173131	17033707	5
2022.02.02	114000	114135	111765	112030	4814627	16549178	5
2022.02.03	111590	112745	111525	112490	6001672	20192892	5
2022.02.04	112000	112690	110535	112285	5538210	17602809	5
2022.02.07	112350	112640	111655	112320	5634333	18117001	5
2022.02.08	111900	112750	111050	112750	4840208	15908903	5
2022.02.09	113000	113360	111875	112395	5318717	17438058	5
2022.02.10	112500	113985	112245	113495	6164434	19512530	5
2022.02.11	113120	114990	113100	113800	6461530	20210442	5
2022.02.14	113000	114310	112880	113960	6096582	18490020	5
2022.02.15	114500	115135	113980	115135	4405551	13510925	5
2022.02.16	116255	117270	116255	116680	4118034	13658563	5
2022.02.17	116300	116630	114800	114900	4511191	14755035	5
2022.02.18	115355	115815	114060	114160	5174982	16688996	5
2022.02.21	114320	114840	112950	112950	3924414	12266322	5
2022.02.22	113650	114795	113585	114795	5563051	18498273	5
2022.02.23	114700	115110	112925	113010	5172629	17470422	5
2022.02.24	110500	112870	110050	112750	6864202	21701807	5
2022.02.25	112595	114495	111755	114250	5136669	16486518	5
2022.03.02	115250	116670	115125	116605	2508116	8399728	5
2022.03.03	116550	117155	116190	116610	4784862	15576760	5
2022.03.04	115795	116190	114545	115585	5042732	16046084	5
2022.03.07	115140	115630	111815	111815	5180746	17086533	5
2022.03.08	112720	113645	111995	112010	7044978	23234784	5
2022.03.09	113390	115130	112660	114790	5117818	17287476	5
2022.03.10	114150	114650	112775	114600	5472458	17734707	5
2022.03.11	115600	115740	112145	112900	5559408	17524831	5
2022.03.14	112750	113295	110505	110810	5754010	17838410	5
2022.03.15	110880	110945	108570	109690	5515695	18500232	5
2022.03.16	111255	112330	109850	112330	5559978	17934827	5
2022.03.17	112010	113990	111595	113820	5033102	16106524	5
2022.03.18	113110	116095	113060	115875	4032643	13769757	5
2022.03.21	115700	117145	115630	117095	4938908	15850094	5
2022.03.22	117205	118290	116925	118215	3942787	13789322	5
2022.03.23	117750	118935	117605	118220	4232480	14240332	5
2022.03.24	118390	120000	117760	119985	3737317	13108989	5
2022.03.25	119975	120345	119065	119780	4149993	13734144	5
2022.03.28	120000	120235	118565	119400	3902284	13104390	5
2022.03.29	120200	121385	119975	120375	4425842	15226540	5
2022.03.30	120110	121110	120095	120900	4130489	14471738	5
2022.03.31	120805	121330	120210	120485	3771382	13343446	5
2022.04.01	120800	122225	120785	122000	3543284	12754923	5
2022.04.04	122240	122300	121035	121530	3322845	11880114	5
2022.04.05	121445	121945	118800	119225	4599419	15967813	5
2022.04.06	118480	118860	116915	118205	5544941	17486655	5
2022.04.07	118560	119435	117535	118960	4930378	16193864	5
2022.04.08	119290	119290	117515	118330	4073151	14060413	5
2022.04.11	117725	117830	116750	116985	4335109	13711880	5
2022.04.12	117420	118590	116065	116530	4711375	13705994	5
2022.04.13	118820	119460	118295	118985	4189444	13436582	5
2022.04.14	118750	118865	117570	117900	4170971	13038163	5
2022.04.18	117735	118235	117095	117610	4359487	13117156	5
2022.04.19	117415	117460	116110	116950	4003236	13523234	5
2022.04.20	117395	117410	115715	115760	3985467	13198975	5
2022.04.22	114500	114640	112240	112890	4512402	14064818	5
2022.04.25	111335	112860	110825	112400	5275632	16888715	5
2022.04.26	112085	112100	109210	109235	4518914	14773063	5
2022.04.27	110505	111705	110390	111030	5554160	17083235	5
2022.04.28	112105	112270	110325	110905	4786035	15095229	5
2022.04.29	110840	113400	108425	109000	5262374	17738911	5
2022.05.02	108720	109500	106485	108100	5862673	17736369	5
2022.05.03	107950	108520	107315	107820	5605190	16638542	5
2022.05.04	107980	110025	106115	109920	5896387	18381408	5
2022.05.05	109060	109255	105065	106835	6366173	19810732	5
2022.05.06	106150	107530	105065	106330	6787680	18883233	5
2022.05.09	104790	105650	103925	104655	6101716	18120742	5
2022.05.10	105185	105290	103400	104360	6330688	18501826	5
2022.05.11	105275	106420	104075	105605	6530553	19466729	5
2022.05.12	104460	107025	104235	106950	6306130	18460762	5
2022.05.13	108065	108810	107100	107760	4605440	14205571	5
2022.05.16	107575	109800	107575	109300	5207957	15734347	5
2022.05.17	110310	110790	109225	110050	5112463	15685503	5
2022.05.18	109260	109855	106775	106965	5023433	16066159	5
2022.05.19	106580	108270	106500	107860	5642182	17205053	5
2022.05.20	108650	109685	108140	109410	5491129	16371402	5
2022.05.23	110050	111515	109840	111450	4668594	14498524	5
2022.05.24	110200	111530	109125	111365	5738760	17885196	5
2022.05.25	110815	111745	110275	110895	4748851	13938597	5
2022.05.26	111500	112790	110945	112640	3773924	12045858	5
2022.05.27	112300	113080	111960	112470	4009179	12361603	5
2022.05.30	113215	113680	111005	111005	3260464	10255956	5
2022.05.31	111290	112465	111140	111800	5297569	16710064	5
2022.06.01	112175	112440	111170	111885	4880815	15298031	5
2022.06.02	112200	113210	111525	112865	4392298	14091324	5
2022.06.03	112230	112395	111235	111750	4661129	14449880	5
2022.06.06	112565	112735	110255	110690	4251168	13947475	5
2022.06.07	110190	110710	109620	110350	4672190	14861621	5
2022.06.08	110125	110375	108215	108860	4795676	15908196	5
2022.06.09	109175	109445	107160	107705	5589604	17494310	5
2022.06.10	107850	108030	104685	105450	5880931	17349347	5
2022.06.13	103600	104045	101760	102800	6132037	18535975	5
2022.06.14	103000	103400	101290	102070	6083851	18569295	5
2022.06.15	104865	106140	103920	105140	5922166	17702752	5
2022.06.17	103070	103380	100315	101335	6058906	18129940	5
2022.06.20	101455	102290	100175	101750	4748000	13805102	5
2022.06.21	102500	102880	100845	102290	5564249	17508521	5
2022.06.22	100350	102190	99770	100810	5503404	16721660	5
2022.06.23	101485	102015	99200	99200	5770902	17987081	5
2022.06.24	100000	101040	99560	100600	4837680	15306640	5
2022.06.27	101100	102945	100675	102945	4979115	15409637	5
2022.06.28	103410	103895	101470	102110	5631614	17541780	5
2022.06.29	102120	103190	100665	101150	5772818	18561994	5
2022.06.30	100075	100700	99075	99300	6560168	19200777	5
2022.07.01	99235	100730	98560	100710	5769368	17892722	5
2022.07.04	100190	100730	99500	99500	4094686	12425412	5
2022.07.05	99130	99740	97740	99500	6024474	18948794	5
2022.07.06	99135	100440	98625	99955	5901920	18435911	5
2022.07.07	100740	102775	100675	102430	4008725	13491722	5
2022.07.08	102050	102815	101125	101415	5241467	15514990	5
2022.07.11	100530	100720	98945	99185	5060662	16296999	5
2022.07.12	98735	99830	98280	99695	5036672	16312654	5
2022.07.13	99705	100020	98355	98670	5816094	18006112	5
2022.07.14	97835	98120	96435	96850	4740948	15588065	5
2022.07.15	97155	97975	96155	97565	4351552	13768328	5
2022.07.18	98650	99265	97515	97555	4559335	14076657	5
2022.07.19	98180	99540	97905	99365	4510928	14664978	5
2022.07.20	98900	99245	98080	98770	4620730	14483678	5
2022.07.21	98615	99890	97795	99840	4532311	14688329	5
2022.07.22	100050	100485	99045	99955	4201501	13754854	5
2022.07.25	100415	101265	100300	101080	4002629	12802884	5
2022.07.26	100955	101440	100015	100500	3973047	13667366	5
2022.07.27	101025	102550	100615	102550	4022231	12703946	5
2022.07.28	102245	103600	101640	103500	4113246	13404154	5
2022.07.29	103790	104655	103165	103560	4338273	13699146	5
2022.08.01	103825	103900	102260	102825	4583551	14501812	5
2022.08.02	102250	104240	102095	104240	5534117	17470396	5
2022.08.03	104200	104485	103225	104425	4414027	13783845	5
2022.08.04	104265	107220	104170	106905	4329587	14524226	5
2022.08.05	106735	107625	105870	106710	4781066	14885059	5
2022.08.08	107250	109290	107155	109290	4774817	14796303	5
2022.08.09	109100	109590	108120	109085	5078450	15839325	5
2022.08.10	109000	110885	108925	110525	4901871	14493354	5
2022.08.11	110800	111765	109715	110300	5239445	15961884	5
2022.08.12	110285	112910	110280	112710	4539140	13693029	5
2022.08.15	111500	113330	110815	113215	4349286	13995989	5
2022.08.16	113050	113890	112690	113785	5082275	15685098	5
2022.08.17	114945	116250	114290	115490	4417923	13991783	5
2022.08.18	115785	116445	115295	116100	4359525	13972859	5
2022.08.19	114980	115270	112830	112850	4402271	14275831	5
2022.08.22	112150	112800	111715	112390	4853152	15020816	5
2022.08.23	113060	114940	112460	114825	4012301	12990237	5
2022.08.24	114775	115670	114275	114785	4619138	15118660	5
2022.08.25	115520	115810	114455	115160	4418144	13839469	5
2022.08.26	114855	115850	113575	114145	4988427	15980989	5
2022.08.29	113420	114920	113130	114220	4219390	13433639	5
2022.08.30	114395	114540	111660	111685	5072881	16682466	5
2022.08.31	111865	112935	111020	111700	5961739	17837715	5
2022.09.01	111250	112125	109620	111885	5920249	18388161	5
2022.09.02	111690	113805	111435	112350	5609090	16767879	5
2022.09.05	112215	114050	112175	113580	3775485	11032336	5
2022.09.06	113350	113375	110580	110605	5824598	18117889	5
2022.09.08	111745	112055	109770	111010	6880681	20448069	5
2022.09.09	112100	113775	111985	113550	4555120	13386006	5
2022.09.12	114230	115395	113875	114600	4477910	13615341	5
2022.09.13	115150	115365	111540	111770	5758573	17477204	5
2022.09.14	111620	112550	111075	111860	5818284	17668725	5
2022.09.15	111460	112150	110430	110610	5694057	17607507	5
2022.09.16	110110	110460	109420	110400	5499234	16942226	5
2022.09.19	109165	113500	108980	113460	5222161	17020201	5
2022.09.20	112900	113670	112165	113410	5657891	16962461	5
2022.09.21	113600	114180	112035	112600	6354351	18649430	5
2022.09.22	113480	115210	112515	114670	5869271	17777379	5
2022.09.23	113200	113370	111320	112240	5975096	18074776	5
2022.09.26	111525	111815	109075	109130	6654778	20210246	5
2022.09.27	110350	111585	108630	109135	6476331	19519422	5
2022.09.28	108135	109495	108030	108670	6017865	18278393	5
2022.09.29	108320	108645	106530	108115	5791308	17329191	5
2022.09.30	108500	110960	107500	110900	5538268	17823347	5
2022.10.03	114355	117130	113605	116970	5556097	16697680	5
2022.10.04	118060	118840	116100	116910	5949687	18258776	5
2022.10.05	116080	117935	115875	117800	5447227	16306161	5
2022.10.06	117310	118700	117170	117300	4971550	16111585	5
2022.10.07	117550	118190	116050	117250	5064589	15814014	5
2022.10.10	116960	117400	115375	116100	4786071	14996547	5
2022.10.11	115410	116010	114315	114650	5352160	17214709	5
2022.10.13	117550	118080	114810	116030	4822329	16040772	5
2022.10.14	116525	116930	113675	113830	5736485	18507262	5
2022.10.17	115000	116515	114425	115910	4411290	14634374	5
2022.10.18	116945	118260	116205	118150	5097636	17472209	5
2022.10.19	117500	118565	117140	118255	4997962	17294033	5
2022.10.20	118860	119680	118465	118950	4747125	16408458	5
2022.10.21	118385	122825	118280	122370	5298892	18242966	5
2022.10.24	121825	121835	117665	118050	5532580	18379891	5
2022.10.25	118020	118675	116040	116150	4840419	15505516	5
2022.10.26	116395	116830	114195	115250	5427638	16708509	5
2022.10.27	114900	118215	114300	115615	6558534	19940742	5
2022.10.28	114465	117100	114415	117045	5563981	17010122	5
2022.10.31	113000	118450	112500	117440	6733693	20372783	5
2022.11.01	118105	119920	116985	117410	6858584	18258371	5
2022.11.03	115865	118970	115490	118465	5103032	14582363	5
2022.11.04	120115	121605	118900	119270	6196651	17607021	5
2022.11.07	120045	120280	116370	116680	5659514	16208446	5
2022.11.08	116740	118590	115220	117855	6100667	18152547	5
2022.11.09	116900	117425	114255	114855	5705993	16602484	5
2022.11.10	114155	114155	109530	111060	6883614	17505701	5
2022.11.11	111985	114265	110175	113635	6518064	17250362	5
2022.11.14	113155	115460	112760	114220	6077367	16628301	5
2022.11.16	113655	114320	110340	110500	6539019	18565838	5
2022.11.17	109155	110610	108105	109950	6738960	18329180	5
2022.11.18	111410	112485	109270	109590	6092593	16880459	5
2022.11.21	109580	111110	108715	110880	6021950	17089122	5
2022.11.22	110500	111425	108560	109570	6253343	17709660	5
2022.11.23	109965	110175	108540	109120	5885871	17890879	5
2022.11.24	110380	113425	110055	112960	4639925	13410075	5
2022.11.25	112280	113035	109110	109320	5029593	15003982	5
2022.11.28	108550	110075	107915	109370	4763686	14206681	5
2022.11.29	110150	112835	109755	111620	5101411	15625517	5
2022.11.30	112000	113050	110600	113050	6308049	18108492	5
2022.12.01	112500	112690	110905	111575	5349571	15646598	5
2022.12.02	111500	114200	110225	112235	5257654	15637604	5
2022.12.05	112815	112840	109480	109480	5074288	15074064	5
2022.12.06	109770	110925	109405	110665	5676920	17026052	5
2022.12.07	109770	110440	108760	109640	5847850	17863163	5
2022.12.08	109440	109745	106980	107170	5468530	16930031	5
2022.12.09	107880	108710	107135	107780	4313044	12570881	5
2022.12.12	107895	107895	103765	104765	5426209	17063860	5
2022.12.13	104980	107000	103095	103615	6287628	17695438	5
2022.12.14	105140	106525	103635	105660	6490437	18204807	5
2022.12.15	105030	107630	104700	105850	5572051	16421200	5
2022.12.16	105120	106010	104110	104710	5165173	14950873	5
2022.12.19	105000	107045	104195	106785	5293927	15461578	5
2022.12.20	106705	109785	106160	109330	5928190	18182550	5
2022.12.21	109710	109810	107760	109350	5846803	16868351	5
2022.12.22	109000	110220	108190	109390	5633980	15865199	5
2022.12.23	109560	111825	109285	111430	4790019	13358229	5
2022.12.26	111240	111775	109940	110520	3638709	8992271	5
2022.12.27	111175	111370	108945	110090	4635681	13887025	5
2022.12.28	110380	112290	110200	112235	4923860	14242720	5
2022.12.29	112080	112850	110880	111035	4885512	13112319	5
2023.01.02	110400	110585	107265	107400	3693779	9744726	5
2023.01.03	107950	108045	104970	105000	6065199	17976363	5
2023.01.04	105550	107070	105150	106870	6099626	17838858	5
2023.01.05	107280	109270	106650	109200	4833778	15118245	5
2023.01.06	109050	110815	108845	110600	4798711	14441947	5
2023.01.09	109335	111295	108800	110210	5347317	15790674	5
2023.01.10	109750	112495	109375	111890	5189462	16098897	5
2023.01.11	111950	114190	111755	113990	5119860	15909061	5
2023.01.12	113200	114070	111695	112990	6171835	17492311	5
2023.01.13	112630	112895	111405	111990	4693641	14183405	5
2023.01.16	111100	111640	109705	109955	4209913	12232273	5
2023.01.17	110000	112660	109940	112520	4496045	13882976	5
2023.01.18	112920	114340	112825	113000	5568288	16813902	5
2023.01.19	111750	114170	111505	113515	5188598	15160695	5
2023.01.20	113880	114010	112545	113060	4673266	14209677	5
2023.01.23	113200	113880	112275	112360	5297973	15640149	5
2023.01.24	112065	114000	111870	113900	4657975	14663336	5
2023.01.25	113475	115295	112585	115295	5013284	15036050	5
2023.01.26	115045	115585	114270	114635	4848234	14746993	5
2023.01.27	114830	115070	112625	112860	4329589	13109051	5
2023.01.30	112610	113625	112375	113065	4761688	14189405	5
2023.01.31	112655	114265	112490	113980	4225828	12469633	5
2023.02.01	113860	114110	111155	112730	5702722	17043342	5
2023.02.02	112100	113445	110100	110365	5657732	16979105	5
2023.02.03	109850	110965	108465	108830	5546223	16215167	5
2023.02.06	108350	109260	107700	109000	5640774	16946275	5
2023.02.07	109355	109695	107435	108100	6275768	17886094	5
2023.02.08	108500	110485	108450	110440	5662911	17195149	5
2023.02.09	110845	110870	107920	108095	5544106	16758313	5
2023.02.10	107650	108800	107120	108055	4746396	14796647	5
2023.02.13	108175	109350	107470	109150	4398434	13851609	5
2023.02.14	109350	109745	107550	107770	5436867	17047085	5
2023.02.15	109800	112100	109005	111465	4310567	14381335	5
2023.02.16	111540	112255	110075	112185	5191056	17201412	5
2023.02.17	111245	111635	110675	110695	4494864	14225643	5
2023.02.22	109885	109915	108275	108495	2595346	8540645	5
2023.02.23	109110	110365	108210	109175	4481678	15333457	5
2023.02.24	108600	109100	106805	107490	4019311	13928486	5
2023.02.27	107955	108045	106660	106925	4982847	15920129	5
2023.02.28	107100	108265	105720	105745	5314185	16660414	5
2023.03.01	106360	106695	104375	105800	5480447	17892234	5
2023.03.02	106110	106260	104430	104500	5245902	17072464	5
2023.03.03	104820	105775	104555	104940	4413802	15105975	5
2023.03.06	104800	106450	104310	105980	4567796	15432070	5
2023.03.07	106055	106350	104615	105595	4892674	15858663	5
2023.03.08	105740	108000	105425	108000	4461355	15261906	5
2023.03.09	107650	107970	105850	105905	5200056	17764412	5
2023.03.10	106025	106150	104155	104750	5785627	18512735	5
2023.03.13	104550	104925	103135	104230	6542440	20134542	5
2023.03.14	104650	105145	103385	103940	5371469	17180957	5
2023.03.15	102700	103935	101485	103650	6038551	18632052	5
2023.03.16	103590	104775	103220	104380	4939052	15435230	5
2023.03.17	104275	104335	102335	102630	3773339	12877842	5
2023.03.20	102760	103080	101315	101640	4227614	14293302	5
2023.03.21	102430	102500	101535	101840	3658877	12275153	5
2023.03.22	101750	102650	100675	100675	4616795	15030610	5
2023.03.23	100755	101780	97440	97555	5052370	16692623	5
2023.03.24	97350	99870	97250	99540	4554369	15650145	5
2023.03.27	99955	100525	99525	100400	3965708	12768793	5
2023.03.28	100100	102065	99770	101900	3618676	12568928	5
2023.03.29	102250	102675	100560	102385	4571873	15447270	5
2023.03.30	103680	104535	103030	104450	4474999	14229652	5
2023.03.31	104000	104675	101670	101895	4701663	15450971	5
2023.04.03	102240	102500	100860	101780	4187748	14284286	5
2023.04.04	102185	103320	101780	102305	4264795	14901985	5
2023.04.05	102155	102355	100055	100880	4798220	16719091	5
2023.04.06	101000	101720	100505	101330	3924166	13045537	5
2023.04.10	101130	102350	100845	102115	3629218	12514558	5
2023.04.11	102500	106910	102440	106670	5000842	16568733	5
2023.04.12	108505	110480	108185	108900	4935319	15630331	5
2023.04.13	109000	109400	108215	108350	4349592	13913833	5
2023.04.14	108250	108935	106765	108800	4579704	14758874	5
2023.04.17	108880	108900	107545	107930	4047927	13810002	5
2023.04.18	108420	109375	106925	107800	4332404	15351955	5
2023.04.19	106930	107150	105315	105850	4294149	14322098	5
2023.04.20	105500	106420	104735	106140	4209709	14189001	5
2023.04.24	105650	106585	104855	105785	3874315	13057161	5
2023.04.25	105375	105510	104175	105510	4201727	13933826	5
2023.04.26	105165	105865	103750	104220	3784543	13017439	5
2023.04.27	104455	104700	103425	104455	4052723	13468748	5
2023.04.28	104200	105970	103875	105250	4042407	13801594	5
2023.05.02	105175	105575	102900	102900	4030371	13743189	5
2023.05.03	103190	103765	102725	103100	4681151	15510378	5
2023.05.04	103150	104800	102320	104355	4892992	16924831	5
2023.05.05	104100	106945	103755	106580	4524454	15330440	5
2023.05.08	107100	108035	106545	107020	4406173	15217819	5
2023.05.09	106800	109055	106570	108700	4086456	14687061	5
2023.05.10	108250	109000	107590	108885	4200631	14443038	5
2023.05.11	108315	109930	107465	109300	4251375	15446774	5
2023.05.12	109300	109900	108435	109650	3863370	13534981	5
2023.05.15	110100	110375	109345	110125	3769771	12777001	5
2023.05.16	109850	111250	108770	109050	4311556	16042390	5
2023.05.17	109400	110815	109150	110695	4407238	15416756	5
2023.05.18	110450	111270	109550	111140	4193331	15174470	5
2023.05.19	111080	112125	110585	111450	4042417	14900013	5
2023.05.22	111250	112550	110835	111255	4261090	14547005	5
2023.05.23	110870	112150	110430	111095	4536631	16519457	5
2023.05.24	110665	111075	109160	109930	4097909	14801225	5
2023.05.25	110295	111880	110200	110655	4753324	16370477	5
2023.05.26	111300	112405	110390	111520	4553316	16279227	5
2023.05.29	111800	111925	110650	110865	3360166	10825378	5
2023.05.30	111175	111980	109055	109320	4480114	15427355	5
2023.05.31	108930	109665	108675	108805	4376808	15347464	5
2023.06.01	109540	111580	108715	111575	4488606	15686602	5
2023.06.02	111880	113475	111805	113200	3986416	13826100	5
2023.06.05	112950	113500	112005	113030	3616308	12665261	5
2023.06.06	112815	115300	112800	115300	4366288	15390964	5
2023.06.07	115600	116270	114870	116085	4334426	15008118	5
2023.06.09	116360	117840	116340	117145	3719652	13063160	5
2023.06.12	117450	118040	116815	117790	3886065	13591159	5
2023.06.13	117950	118215	116425	117180	4239357	14367994	5
2023.06.14	119900	121750	119645	121330	5192112	17215006	5
2023.06.15	120850	122255	120830	121855	4286436	13814088	5
2023.06.16	121850	122065	120760	121075	3871377	12869350	5
2023.06.19	121040	122485	120830	122480	3587375	11349542	5
2023.06.20	122060	122100	120720	122000	4367298	14182522	5
2023.06.21	121950	122870	121540	122725	4389027	14287683	5
2023.06.22	121795	122315	120180	121510	4758105	15482262	5
2023.06.23	120900	121595	120310	121215	4436676	14583918	5
2023.06.26	120960	121155	119500	119950	4169485	13721650	5
2023.06.27	120635	121400	118545	119435	5066896	16345959	5
2023.06.28	119650	119950	118450	118570	4863165	15761490	5
2023.06.29	119115	120780	118375	120765	4403091	14288774	5
2023.06.30	120860	121550	119450	119500	4782638	15515856	5
2023.07.03	119985	121740	119900	121640	3956509	12620448	5
2023.07.04	121440	121590	120485	120895	3891204	12410101	5
2023.07.05	120370	121985	119730	121170	4863739	16184123	5
2023.07.06	121000	121005	118650	119150	4938673	15972795	5
2023.07.07	119585	121215	119200	120120	4519976	14590542	5
2023.07.10	119930	120300	119015	119105	4338599	14310644	5
2023.07.11	119720	119800	117030	119200	4780985	15833158	5
2023.07.12	119505	120475	118675	118800	4970803	15322576	5
2023.07.13	119395	121175	119310	120470	4462984	13609089	5
2023.07.14	120730	120965	118760	118960	4401857	14033918	5
2023.07.17	118700	119695	117810	119575	4382025	13920375	5
2023.07.18	119500	119960	118400	118970	5039285	16268282	5
2023.07.19	119150	119260	117685	118650	4769444	15535172	5
2023.07.20	118950	119485	118440	119345	4580979	14877581	5
2023.07.21	119100	121530	118835	121530	4617765	15659452	5
2023.07.24	121220	122810	121000	122715	4743761	15133963	5
2023.07.25	123155	124260	122755	122850	4595873	14915737	5
2023.07.26	122650	123695	122220	123175	4899263	15237917	5
2023.07.27	123655	123875	120090	120220	4856026	16048917	5
2023.07.28	120810	121765	120405	120720	4107036	13364643	5
2023.07.31	121390	122875	121205	122655	4137386	13541002	5
2023.08.01	122225	122240	120725	121620	4689718	15957846	5
2023.08.02	121030	121850	120265	121145	4940114	16571610	5
2023.08.03	122240	123165	120600	120705	5771784	19282399	5
2023.08.04	120680	121935	119540	119880	5879826	20179400	5
2023.08.07	120160	120495	119230	119530	4803999	15450774	5
2023.08.08	118675	119885	117615	119250	5147964	16655418	5
2023.08.09	119740	119740	118095	118620	5070931	17351600	5
2023.08.10	119100	119695	118090	118090	4912495	16501203	5
2023.08.11	118350	119260	117550	118290	4792807	16541002	5
2023.08.14	118170	118230	116645	116710	4704275	15891574	5
2023.08.15	116070	117700	115665	115765	5276749	17743934	5
2023.08.16	118440	119660	117555	117820	4876586	16616968	5
2023.08.17	118560	118860	116985	117250	4845278	16523833	5
2023.08.18	116990	117900	116585	117265	4719604	16108385	5
2023.08.21	117845	117855	116100	116120	4712619	16153061	5
2023.08.22	116800	118390	116600	118340	4521408	15736979	5
2023.08.23	118810	120500	118260	120440	4030587	14214609	5
2023.08.24	120095	120200	118720	119120	4349017	15506031	5
2023.08.25	119025	119210	117250	117700	5077880	16398061	5
2023.08.28	117995	119185	117560	119040	4506074	15257407	5
2023.08.29	118920	120360	118825	120075	4306027	14375830	5
2023.08.30	119915	120595	119090	119230	4251834	14029812	5
2023.08.31	119300	119575	117380	117740	4558889	15253913	5
2023.09.01	118400	119615	117800	119065	4106971	13165812	5
2023.09.04	119300	120135	119045	119435	3611824	11184567	5
2023.09.05	119055	119475	118065	119050	4897968	16674442	5
2023.09.06	118900	119400	117240	117360	4558333	15765456	5
2023.09.08	116320	116965	116030	116600	3667426	12422429	5
2023.09.11	117415	118545	116945	118540	4271752	14975492	5
2023.09.12	118540	119490	118290	119035	4178590	14879510	5
2023.09.13	118955	120655	118760	119495	4489960	15662265	5
2023.09.14	120100	120945	119920	120380	4329638	15363893	5
2023.09.15	120750	120980	119755	119985	3904531	14137207	5
2023.09.18	119750	120585	119160	119590	4110542	14702164	5
2023.09.19	119680	119715	118620	118850	4471861	16706060	5
2023.09.20	119035	120700	118970	119530	4528975	17011184	5
2023.09.21	118700	118715	116805	116885	5006705	17787193	5
2023.09.22	117460	117995	116635	117110	4120142	15385027	5
2023.09.25	116400	117130	116175	117005	3775526	13538750	5
2023.09.26	116550	116745	114685	114805	4535078	17016650	5
2023.09.27	115400	115995	113985	114970	4701260	17250284	5
2023.09.28	115000	116620	114695	116570	5021479	17370812	5
2023.09.29	116965	117730	116410	117225	4602605	16242065	5
2023.10.02	117000	117295	115230	115580	4455364	16238939	5
2023.10.03	115000	115525	113555	113620	5242429	18887900	5
2023.10.04	114290	114580	113420	113780	4968254	17412423	5
2023.10.05	114000	114720	113030	113750	4767676	16691112	5
2023.10.06	113800	114795	111860	114700	6020766	20323637	5
2023.10.09	113620	115695	113440	115690	4726676	16853526	5
2023.10.10	115900	117180	115745	116760	4435123	15981873	5
2023.10.11	117295	117695	116385	117405	4517606	16081999	5
2023.10.13	116300	117185	115685	115875	4634014	16105059	5
2023.10.16	116400	117035	116095	116420	4561649	15965669	5
2023.10.17	116140	116970	115560	115720	4874186	17538195	5
2023.10.18	117150	117400	115700	115750	4808053	17778174	5
2023.10.19	115650	116920	115555	115675	5777609	20984495	5
2023.10.20	115470	115825	114190	114770	5089468	19331478	5
2023.10.23	114290	115375	113785	114615	5266535	18819558	5
2023.10.24	115395	115860	114355	115450	5533532	19966545	5
2023.10.25	115400	115695	114180	114310	5227366	18272696	5
2023.10.26	113820	116755	113680	116720	5941031	20297000	5
2023.10.27	116665	116860	114340	114960	5660851	20495892	5
2023.10.30	115550	115910	113600	113800	5120808	18556407	5
2023.10.31	114250	114980	113415	114670	5463260	19838003	5
2023.11.01	114530	116905	114220	116905	5526831	19604556	5
2023.11.03	117765	119875	117715	119785	4579069	16556260	5
2023.11.06	119650	120125	119290	119860	4336961	16071165	5
2023.11.07	119350	120875	118995	120445	4582263	17359528	5
2023.11.08	120210	121240	119665	120355	4798574	18560944	5
2023.11.09	120545	121465	119525	120295	5198184	19897899	5
2023.11.10	120545	122010	120310	121850	4540285	16495042	5
2023.11.13	121555	121660	120865	121615	4045251	15403370	5
2023.11.14	121575	124790	121550	124615	4370829	15513570	5
2023.11.16	124475	125830	124125	125830	4779619	17572742	5
2023.11.17	125835	126440	125465	125895	4168249	14846870	5
2023.11.20	126165	127115	125845	127100	3773003	13700890	5
2023.11.21	126790	126990	125870	126525	4294576	15725957	5
2023.11.22	126620	127730	126245	126855	4731220	17252696	5
2023.11.23	126600	127545	126390	127495	2765295	9646998	5
2023.11.24	127350	127360	126040	126340	3428915	12444093	5
2023.11.27	126095	126645	125485	126480	4189995	15239549	5
2023.11.28	126115	127525	125960	127200	4083025	15741785	5
2023.11.29	127400	127885	126465	126695	4029889	15919642	5
2023.11.30	127000	127965	126625	127815	4017501	15156871	5
2023.12.01	128090	128650	127070	128465	4347495	15748826	5
2023.12.04	127935	128195	127010	127310	3992914	14238413	5
2023.12.05	127100	127860	126780	127100	4845900	17622156	5
2023.12.06	127495	127880	125735	125735	4480112	16200051	5
2023.12.07	125935	126835	125755	126295	4188123	15447826	5
2023.12.08	126415	127495	125670	127240	4731228	17179789	5
2023.12.11	127125	127300	126565	127165	3787664	14751038	5
2023.12.12	127410	127590	126010	126525	3707376	13090538	5
2023.12.13	128690	132325	128315	132210	4507385	16447814	5
2023.12.14	132625	133350	132405	132910	4003439	14690348	5
2023.12.15	133100	133760	131930	132320	3744140	13354481	5
2023.12.18	132450	133495	132445	133115	3153119	11574534	5
2023.12.19	133150	134045	133010	133990	3413269	13178485	5
2023.12.20	133610	134325	132530	132730	4118613	15047630	5
2023.12.21	133375	134240	133270	134240	4016533	13939621	5
2023.12.22	134100	134920	133910	134495	3174815	12202311	5
2023.12.26	134760	135550	134520	135480	2378748	8306871	5
2023.12.27	135400	136100	135070	136070	2760075	10458214	5
2023.12.28	135780	136085	135425	135850	2784718	10267608	5
2024.01.02	135250	135350	133550	134230	3568454	13305027	5
2024.01.03	133925	135150	133620	134600	4107990	15073372	5
2024.01.04	134650	134715	132390	132530	3906477	15293579	5
2024.01.05	132310	134040	131840	133520	4426059	16306184	5
2024.01.08	132840	134050	132305	134050	4084867	14758201	5
2024.01.09	133490	133495	132360	132560	4214360	15576365	5
2024.01.10	132700	133060	131595	131910	3953211	14660612	5
2024.01.11	132050	132430	130950	131730	5004226	16728166	5
2024.01.12	131580	133040	131380	132005	3877112	13949687	5
2024.01.15	131695	132830	131260	132665	2873633	11028652	5
2024.01.16	131945	132010	130015	130070	4608517	17370760	5
2024.01.17	129600	130165	128980	129170	4040349	14884381	5
2024.01.18	129730	130200	128040	128050	3975775	15638453	5
2024.01.19	128690	128890	127295	128250	3818398	15149923	5
2024.01.22	128450	128645	126580	127250	4121374	16149291	5
2024.01.23	127600	129155	127480	129030	4176060	16238152	5
2024.01.24	129760	130215	128250	128315	4218248	16980033	5
2024.01.25	128740	129315	128400	128670	3979567	15311796	5
2024.01.26	129125	129805	128370	129325	4025513	14837224	5
2024.01.29	129630	129655	128320	129100	4072215	15252431	5
2024.01.30	128820	129260	127495	127660	4278548	16844846	5
2024.01.31	127595	130060	127530	127990	4916277	19415109	5
2024.02.01	128485	128950	127545	128790	4399349	16947221	5
2024.02.02	129035	129280	126860	127580	4196870	16412114	5
2024.02.05	127320	128075	126610	127800	4043589	15958333	5
2024.02.06	127995	131110	127870	131110	4102560	16220666	5
2024.02.07	130650	130650	129555	130045	4187271	16214943	5
2024.02.08	129835	130195	127955	128280	4217358	16310533	5
2024.02.09	128600	129020	127575	128060	4208138	16164089	5
2024.02.14	129420	129770	128765	129200	2183336	8221856	5
2024.02.15	129465	129925	128985	129900	4116079	15318357	5
2024.02.16	130180	131165	129690	130830	4125379	15948898	5
2024.02.19	130465	131065	130085	131035	2688908	10293979	5
2024.02.20	130395	132070	130085	132070	3971098	15930581	5
2024.02.21	131520	132245	131215	132245	4247261	15955988	5
2024.02.22	132950	133000	131820	132055	3936614	15201721	5
2024.02.23	132260	132480	130860	131515	3618772	14692909	5
2024.02.26	131235	131785	130860	131285	3368639	13136324	5
2024.02.27	131850	133600	131830	133375	3325487	13034020	5
2024.02.28	132900	133080	131420	131825	4129062	15803034	5
2024.02.29	132200	132270	130270	130800	3999046	15682471	5
2024.03.01	130970	131315	130230	130500	3698759	14040165	5
2024.03.04	130680	130875	129740	129815	3213960	12146855	5
2024.03.05	129700	130520	129270	129750	4058493	15648447	5
2024.03.06	130175	130775	129880	130265	4245189	16424386	5
2024.03.07	130580	130615	129370	129685	3609177	14259949	5
2024.03.08	127500	128880	127100	128305	4846874	18711194	5
2024.03.11	127695	128240	127235	127560	4206335	16197890	5
2024.03.12	127870	129325	127805	128905	4629042	17066098	5
2024.03.13	128940	129740	128480	129325	3987890	15258994	5
2024.03.14	129550	129580	128270	129000	4369966	17081901	5
2024.03.15	128930	129060	127460	127490	3777439	14928572	5
2024.03.18	128200	128580	127270	127805	3638657	14668527	5
2024.03.19	127845	128975	127600	128585	4043078	16561726	5
2024.03.20	128460	130655	128170	130405	4884957	18802334	5
2024.03.21	130330	130510	128830	128885	3157683	12895767	5
2024.03.22	128835	128860	127625	127640	3823149	14898434	5
2024.03.25	127750	127960	127295	127565	3348119	12518584	5
2024.03.26	127650	127940	127105	127635	3488560	13132040	5
2024.03.27	127800	128480	126830	128020	3465876	14641978	5
2024.03.28	127945	129015	127815	128740	3237397	12839046	5
2024.04.01	128890	129260	127305	127500	3322975	13526779	5
2024.04.02	127650	128160	127085	127760	3964272	16039906	5
2024.04.03	127585	128210	126590	127710	4140522	17361320	5
2024.04.04	127940	130115	127555	127660	5259551	21602661	5
2024.04.05	127885	128400	126735	127175	5156560	20312129	5
2024.04.08	127350	129565	127020	128990	4160573	16186234	5
2024.04.09	129350	130385	129235	130280	4785742	18746052	5
2024.04.10	130600	131380	127915	128325	5805693	21974326	5
2024.04.11	127950	128325	127160	127440	4657858	18344992	5
2024.04.12	127750	127870	125725	125970	5010832	19317482	5
2024.04.15	126565	126785	125075	125180	5369216	20364976	5
2024.04.16	125180	125205	123755	124015	5713790	22300737	5
2024.04.17	126690	127175	125280	125930	5034765	18675733	5
2024.04.18	126370	126820	124990	125840	5188981	19756848	5
2024.04.19	125385	127170	125350	126800	4662056	17647919	5
2024.04.22	127295	127655	126125	127385	4441741	16969100	5
2024.04.23	127025	127435	125760	126570	4919083	18547068	5
2024.04.24	127040	127300	126005	126215	4546340	16893214	5
2024.04.25	125915	127255	125040	125890	5159966	18969149	5
2024.04.26	126750	128250	126250	128000	4092603	14647066	5
2024.04.29	127990	128775	127720	128690	4366148	15785490	5
2024.04.30	128320	128620	127115	127350	4468692	16713161	5
2024.05.02	128175	129035	127880	128270	4464268	17341469	5
2024.05.03	128450	130315	127845	130175	4705529	17298272	5
2024.05.06	130415	130485	129480	129670	3912477	14922680	5
2024.05.07	129670	130975	129600	130355	3918346	15216862	5
2024.05.08	129900	131515	129150	130925	4031668	16143965	5
2024.05.09	129600	129670	128385	129650	4842688	17949244	5
2024.05.10	129600	130025	128525	128730	4294008	16316176	5
2024.05.13	129270	129720	128650	129300	4086431	15249342	5
2024.05.14	128715	129965	128510	129735	4647444	17749580	5
2024.05.15	128230	129300	127610	129210	4962687	18933286	5
2024.05.16	129170	129995	128700	129105	4420597	17079908	5
2024.05.17	129350	129375	128420	129200	3844260	14725415	5
2024.05.20	129350	129530	128165	128480	4137975	16140199	5
2024.05.21	128600	128950	127865	128205	5270947	20138260	5
2024.05.22	128000	128040	125600	125680	5329737	20421977	5
2024.05.23	126150	126450	124970	125450	5063968	18948087	5
2024.05.24	125650	125920	124510	124510	4139725	15000906	5
2024.05.27	124810	125085	124550	125000	3131959	11032896	5
2024.05.28	125415	126200	123840	123965	4787279	19105521	5
2024.05.29	123720	123865	122865	123350	4085192	15995545	5
2024.05.31	123350	123460	122215	122720	3861451	14834537	5
2024.06.03	122860	122920	121730	122005	4436981	16554606	5
2024.06.04	121720	122260	121120	122045	4956645	18207999	5
2024.06.05	122305	122380	121410	121515	4549213	17394471	5
2024.06.06	121700	123465	121385	123005	4439610	17099724	5
2024.06.07	122950	123425	120385	120605	5128757	19147888	5
2024.06.10	120695	121500	120515	121090	4647655	17581365	5
2024.06.11	120500	121880	120315	121700	4730720	17193669	5
2024.06.12	123500	124730	121325	121630	6040515	21300955	5
2024.06.13	121830	122260	121025	121395	5395877	18977298	5
2024.06.14	121300	122120	120590	121615	4889958	17268747	5
2024.06.17	121500	121910	120395	120870	4526500	16455264	5
2024.06.18	120550	121845	120275	121440	4951666	17430345	5
2024.06.19	121500	122750	120650	122750	4442848	15251034	5
2024.06.20	123270	123395	121770	122090	5557968	19807075	5
2024.06.21	122100	123250	121700	123190	4543536	16811937	5
2024.06.24	123090	124490	122820	124340	4193201	15311556	5
2024.06.25	124035	124410	123520	124095	4440969	15935408	5
2024.06.26	124150	124370	122860	124370	4906129	17816751	5
2024.06.27	124050	126000	124050	125900	4840987	18176305	5
2024.06.28	125835	126120	124700	125250	4820407	18764951	5
2024.07.01	125600	126715	125055	125920	5074529	19031046	5
2024.07.02	125700	126950	125545	126480	5000576	18780540	5
2024.07.03	126725	128000	126655	127600	4216615	16038544	5
2024.07.04	128000	128240	127370	127535	3727011	13497853	5
2024.07.05	127600	128235	126760	127760	4430466	16236118	5
2024.07.08	127600	127845	126790	127680	4707841	16225308	5
2024.07.09	127675	128600	127110	128475	4520322	16765785	5
2024.07.10	128625	129045	128060	128160	4658833	16598205	5
2024.07.11	128400	129515	128325	129470	4627979	16579909	5
2024.07.12	129420	130150	129065	130130	4132241	15553107	5
2024.07.15	129950	130570	129750	130535	3971497	14446476	5
2024.07.16	130200	130565	129730	130335	4186511	15769347	5
2024.07.17	129980	130595	129670	130315	3932685	14561788	5
2024.07.18	130225	130465	128380	129250	4403838	16420858	5
2024.07.19	129040	129355	127900	127900	2944039	10801891	5
2024.07.22	128400	128950	128135	128795	3628825	13304782	5
2024.07.23	128465	128505	126700	126885	3550481	14140744	5
2024.07.24	127005	127475	126845	127205	3469366	13842470	5
2024.07.25	126745	126875	126185	126600	3680347	13581983	5
2024.07.26	127100	128375	126600	128230	3462658	13657024	5
2024.07.29	128115	128320	127120	127795	3113567	12550338	5
2024.07.30	127520	127665	126425	126910	3111000	12517350	5
2024.07.31	127400	128295	127055	128105	3568639	14021787	5
2024.08.01	127980	129325	127515	127710	4006222	15908317	5
2024.08.02	127315	128430	126090	126775	4464957	16045512	5
2024.08.05	123790	126585	123130	126105	5470082	19020163	5
2024.08.06	126050	127240	125345	126230	5050552	18152758	5
2024.08.07	126900	127885	126705	127680	4933422	17278055	5
2024.08.08	127400	129265	127395	129160	3801615	14307635	5
2024.08.09	128835	131165	128635	130990	3894587	15270633	5
2024.08.12	131000	131820	130905	131425	3740549	13656811	5
2024.08.13	131520	132600	131480	132600	3605703	13779992	5
2024.08.14	134670	136010	134480	135250	3722728	13447861	5
2024.08.15	135410	136770	135355	136425	3517843	13683443	5
2024.08.16	136200	137050	136030	136205	3347907	13068829	5
2024.08.19	136355	138395	136325	138245	3505005	13980099	5
2024.08.20	138050	138530	137405	138415	3865135	14952641	5
2024.08.21	138590	139085	138260	138765	3619687	13459786	5
2024.08.22	138725	138730	136740	137350	4068617	15525872	5
2024.08.23	137760	138485	137320	137750	3716332	13720205	5
2024.08.26	137965	138950	137770	138810	3767639	13955427	5
2024.08.27	138750	139070	138460	138625	3392913	12970487	5
2024.08.28	138260	139280	137520	139165	4008401	15927382	5
2024.08.29	139315	139425	137400	137470	3702964	15230888	5
2024.08.30	137800	138990	136500	138025	4339312	16395710	5
2024.09.02	137250	137485	136125	136220	3340877	12076495	5
2024.09.03	135695	136590	135600	136220	4229941	16195516	5
2024.09.04	135880	138460	135755	137920	4161900	16378346	5
2024.09.05	137850	138340	137270	138265	3968200	14828342	5
2024.09.06	137800	138780	135650	135915	4460100	16053428	5
2024.09.09	136500	136800	135850	135850	3451978	12289874	5
2024.09.10	135740	136145	135035	135620	3682463	13648682	5
2024.09.11	135900	136310	135015	135780	4133642	15175263	5
2024.09.12	136285	136295	134725	135260	3469091	13570744	5
2024.09.13	135250	137085	135095	136015	3480795	13138905	5
2024.09.16	136240	136885	135850	136255	3224203	11642939	5
2024.09.17	136550	136735	135140	136285	3907339	14908552	5
2024.09.18	136040	136245	134450	134600	5220245	18753853	5
2024.09.19	135750	136180	133670	133715	4415341	15813563	5
2024.09.20	133740	134115	131610	131610	4511271	16117437	5
2024.09.23	131400	131750	130850	131360	4023182	14170863	5
2024.09.24	132590	133865	132335	132900	4201435	15030579	5
2024.09.25	133370	133845	132165	132430	4162468	14665408	5
2024.09.26	133300	134000	132745	133535	4393970	15120542	5
2024.09.27	133600	134595	133105	133370	3938731	14158893	5
2024.09.30	133715	134195	132455	132675	3759123	12775681	5
2024.10.01	132445	133990	132370	133485	5476633	19295865	5
2024.10.02	133720	135480	133645	134140	4970009	17091496	5
2024.10.03	133875	133940	131540	131920	5122052	18497900	5
2024.10.04	132150	132600	131335	132210	4166804	14638639	5
2024.10.07	131910	133350	131850	132315	4311088	15246760	5
2024.10.08	131385	131935	130600	131825	4614771	16516312	5
2024.10.09	131750	131825	129860	130005	4221090	16024726	5
2024.10.10	130240	130645	129895	130475	3688765	13029951	5
2024.10.11	130340	130945	129375	130270	3594962	13323547	5
2024.10.14	130100	131270	129420	131190	4491486	16015215	5
2024.10.15	130610	131330	130205	130765	4089884	14978275	5
2024.10.16	133190	134360	132910	133465	4331727	15923640	5
2024.10.17	133340	133430	131940	133020	3719029	13955717	5
2024.10.18	133470	133820	132120	132310	3623789	14242257	5
2024.10.21	132140	133115	132010	132220	4105117	15096109	5
2024.10.22	132050	132195	130960	132120	4555099	17583364	5
2024.10.23	131510	131530	130430	130800	4255530	16463964	5
2024.10.24	131315	132215	130610	132180	4420039	16581587	5
2024.10.25	132300	132360	131480	131480	4083295	14956968	5
2024.10.28	131600	133560	131355	133395	3783029	14553344	5
2024.10.29	133125	133485	132330	132405	4119268	15915383	5
2024.10.30	132250	132715	131885	132140	3500953	13231124	5
2024.10.31	131940	132335	131030	131140	3779942	14017168	5
2024.11.01	131465	131635	128995	129170	3599316	14030059	5
2024.11.04	130000	132170	130000	131995	3885161	15418502	5
2024.11.05	131925	132265	131130	131930	3753950	14527739	5
2024.11.06	130655	132020	129780	130440	5260046	19150359	5
2024.11.07	131150	132665	130605	130935	5183756	18885137	5
2024.11.08	130100	130340	128025	128870	4771430	18072148	5
2024.11.11	128450	129215	128230	128900	4184637	15549826	5
2024.11.12	128520	129250	128230	128700	4045424	15163008	5
2024.11.13	128800	129225	127820	128755	4659198	17251497	5
2024.11.14	129065	129440	128350	128620	4218073	15072354	5
2024.11.18	128850	129295	128105	128580	4042435	13997360	5
2024.11.19	128390	129480	128045	129260	4384179	15218073	5
2024.11.21	128900	129165	127350	127705	4552842	16822335	5
2024.11.22	127760	130435	127685	130160	4426743	16404347	5
2024.11.25	130295	130330	129555	129660	4030853	14298007	5
2024.11.26	129450	130995	129310	130715	4207756	15043141	5
2024.11.27	130600	130915	127875	128070	5293822	18635662	5
2024.11.28	128250	128250	124785	125270	4056332	14567889	5
2024.11.29	125645	126675	124405	126015	5616793	16728671	5
2024.12.02	126310	126390	125100	125600	4731396	16338190	5
2024.12.03	126155	126825	125700	126310	4653729	15951809	5
2024.12.04	126335	127140	125980	126460	4252192	14934182	5
2024.12.05	126640	128395	126270	128320	3956336	14914516	5
2024.12.06	127965	128015	125985	126100	4120427	14965971	5
2024.12.09	126740	127770	126505	127390	3542509	12462292	5
2024.12.10	128260	128750	127860	128465	4064622	14079070	5
2024.12.11	128260	131290	127525	130055	5190717	17539381	5
2024.12.12	130260	130480	125950	126260	4729248	17730321	5
2024.12.13	126305	126550	124590	125000	4170935	14333186	5
2024.12.16	124810	125020	123320	123460	4012362	13246331	5
2024.12.17	123525	125430	123495	124970	5344313	16860939	5
2024.12.18	126755	127030	122045	123175	5026828	16089922	5
2024.12.19	123850	123905	122800	122990	4677568	14729387	5
2024.12.20	122600	123980	122370	123945	4079602	12929267	5
2024.12.23	123450	123570	122095	122175	3297620	10457016	5
2024.12.26	122205	123110	121660	122640	3510814	10809641	5
2024.12.27	122505	123075	121305	121535	3488485	10907429	5
2024.12.30	121505	122410	121410	121620	3251837	10171197	5
2025.01.02	121790	122375	120300	121360	3960154	12191969	5
2025.01.03	121265	121565	119480	119500	3604609	11517183	5
2025.01.06	119925	121470	119825	121080	4130922	13082301	5
2025.01.07	121060	122855	120915	122425	4043519	13582809	5
2025.01.08	122200	122350	120370	120790	3883238	12567759	5
2025.01.09	120775	121150	120475	120750	3227501	10856168	5
2025.01.10	121110	121420	119655	120050	3603686	12011941	5
2025.01.13	119785	120650	119565	119770	3478098	11738607	5
2025.01.14	120230	120510	119055	120325	4137605	13342447	5
2025.01.15	120270	123960	120270	123490	3890585	14584454	5
2025.01.16	123150	123420	121595	121965	3796839	13076160	5
2025.01.17	122565	123555	121810	122875	3688828	13021491	5
2025.01.20	122910	124060	122245	123685	3809874	12719229	5
2025.01.21	123440	124310	122875	124040	3502142	11958274	5
2025.01.22	124230	124770	123610	123760	3513601	12057737	5
2025.01.23	123800	124730	122830	123115	3842655	13358733	5
2025.01.24	123350	123565	122790	123110	3104725	10329111	5
2025.01.27	122350	125655	122190	125500	3920993	13525628	5
2025.01.28	125250	125605	124485	124725	3314851	11165109	5
2025.01.29	124860	125535	123750	123950	3518723	11627269	5
2025.01.30	124450	127740	124245	127445	4326148	14811348	5
2025.01.31	127310	128015	126505	126750	3905458	12327484	5
2025.02.03	125715	126900	125465	126420	3921176	12629068	5
2025.02.04	126500	126535	124965	125450	3720458	11894790	5
2025.02.05	125550	126120	124845	125875	3524932	11541640	5
2025.02.06	125950	126645	125400	126120	3668686	12114749	5
2025.02.07	126385	126745	124320	124925	4014754	12885957	5
2025.02.10	125100	126490	124860	125650	3353509	11329963	5
2025.02.11	125750	127000	125565	126590	3213431	10632093	5
2025.02.12	129030	129340	126415	126415	4392877	14004259	5
2025.02.13	126930	127290	126035	127140	3481693	11873801	5
2025.02.14	127020	130940	126995	130455	3576965	12549686	5
2025.02.17	130450	131940	130420	130880	3317371	10533059	5
2025.02.18	131300	131610	130295	130770	3532789	12275010	5
2025.02.19	130600	130620	129150	129390	3232115	11352296	5
2025.02.20	129700	130000	129095	129470	3236906	11135282	5
2025.02.21	129520	129750	128445	129160	3309743	10882495	5
2025.02.24	129435	129775	127065	127550	3705713	12707756	5
2025.02.25	127620	128750	127540	127815	3894857	12895659	5
2025.02.26	128320	129135	126545	126885	3908763	12774198	5
2025.02.27	126100	127305	125850	126515	3788065	12435527	5
2025.02.28	126390	126645	124295	124850	3827441	12753126	5
2025.03.05	125190	125300	124425	124800	1885698	6334280	5
2025.03.06	124490	125810	124220	125060	4747457	15117257	5
2025.03.07	125155	127460	123705	126695	4834606	15278679	5
2025.03.10	126050	126355	124895	125865	4570402	15226454	5
2025.03.11	126260	126325	123965	125160	4609279	15298633	5
2025.03.12	125300	125775	124360	125025	4480436	14399383	5
2025.03.13	124825	127190	124655	127070	3762147	12927335	5
2025.03.14	127420	130550	127355	130085	3672078	13004558	5
2025.03.17	130085	132685	129890	132300	3891011	12403154	5
2025.03.18	131865	133160	131490	132830	4127939	13081439	5
2025.03.19	132540	134455	132530	134130	3967265	12718968	5
2025.03.20	133590	133955	132895	133265	3821879	12557538	5
2025.03.21	132950	133735	132615	133110	3794755	12518206	5
2025.03.24	133900	134145	131925	132470	3970400	13095961	5
2025.03.25	132200	134455	132090	133195	3950139	13028493	5
2025.03.26	133180	133875	132605	133200	3920590	13182091	5
2025.03.27	133680	134640	133240	133835	4098672	13264875	5
2025.03.28	133745	133800	132030	132720	4009360	13628018	5
2025.03.31	131935	132170	130805	130960	3924255	12965594	5
2025.04.01	131130	132665	130625	131700	4278720	13937774	5
2025.04.02	131525	133410	130760	130760	4736527	14995530	5
2025.04.03	130340	133130	130205	131870	5134665	15944876	5
2025.04.04	129700	129900	126825	127650	5458614	16430319	5
2025.04.07	125650	129025	124225	125890	8268450	20555088	5
2025.04.08	127300	127980	123645	124000	6488199	18956798	5
2025.04.09	123015	129960	122560	127550	7744091	20281068	5
2025.04.10	127145	128245	125060	126535	7135820	18183647	5
2025.04.11	127080	128540	126100	127920	5748328	16042050	5
2025.04.14	128600	130125	128425	129480	5601680	16677229	5
2025.04.15	129450	129995	128950	129275	4799276	14527426	5
2025.04.16	131520	132065	130380	130570	4891738	14829966	5
2025.04.17	130855	132600	130270	131875	4618854	14547931	5
2025.04.22	132140	133335	130940	133110	4565976	14824219	5
2025.04.23	134125	135770	134110	135015	4576845	15266882	5
2025.04.24	134785	137390	134675	137050	4389234	14973591	5
2025.04.25	136745	137430	136500	137265	4156547	13527456	5
2025.04.28	136890	138070	136840	137275	3785289	12692963	5
2025.04.29	137265	138465	137145	137420	3823534	12713209	5
2025.04.30	137155	137640	136115	136800	4602087	15631306	5
2025.05.02	137240	137555	136380	137555	3936753	13246304	5
2025.05.05	136975	137460	135300	135300	3651281	12627039	5
2025.05.06	135300	136220	135160	135665	3824191	13233269	5
2025.05.07	136000	136500	134675	135390	4352420	15321888	5
2025.05.08	136400	139620	136380	138360	4297615	15286787	5
2025.05.09	138800	139070	137905	138220	3657372	12763863	5
2025.05.12	140305	140310	138060	138620	3622531	12519481	5
2025.05.13	138700	141360	138325	140525	3902985	13566898	5
2025.05.14	140555	141030	139925	140065	3942963	13024902	5
2025.05.15	139775	141170	139570	141075	4079820	13049726	5
2025.05.16	140770	140850	139120	140325	3987730	13256634	5
2025.05.19	140000	141740	139895	141310	4085195	13486175	5
2025.05.20	141300	141730	140390	141500	3720165	12241512	5
2025.05.21	141270	141515	138790	139060	4132974	13977693	5
2025.05.22	139065	140150	135175	136290	4833291	16364717	5
2025.05.23	136440	139205	135960	138830	4849841	14575123	5
2025.05.26	139200	139965	138715	139420	3661810	10766967	5
2025.05.27	140020	141625	140020	140930	4258967	12993601	5
2025.05.28	140795	141080	139565	140285	3538471	10644307	5
2025.05.29	140600	140600	138835	139605	4303644	13245683	5
2025.05.30	139600	140045	137535	138020	4393900	13057022	5
2025.06.02	138110	139570	137240	137435	4114122	12783973	5
2025.06.03	137525	138575	136845	138490	3791354	11286566	5
2025.06.04	138650	139550	137440	137815	4342844	12497907	5
2025.06.05	138010	138250	136570	136935	4690340	13741920	5
2025.06.06	137400	137535	136150	136800	4522670	13158077	5
2025.06.09	136775	137200	134520	136290	4370504	12928521	5
2025.06.10	136780	137885	136500	137045	4896232	14338754	5
2025.06.11	137020	137950	135710	137320	5035078	14589989	5
2025.06.12	136830	138245	136020	138175	4711292	13896778	5
2025.06.13	137385	137950	136660	137285	5055324	14386162	5
2025.06.16	137600	140265	137550	140150	4632246	13463267	5
2025.06.17	139650	139795	138280	138940	4758730	13347934	5
2025.06.18	141695	141960	141000	141655	4149233	11654037	5
2025.06.20	141580	141745	139305	139710	3999334	11950298	5
2025.06.23	139695	139945	138320	139215	4412957	13197834	5
2025.06.24	139860	140670	138640	139300	4299804	13393477	5
2025.06.25	139300	139385	137735	138190	4462436	13448923	5
2025.06.26	138635	139750	138325	139225	4368899	13193476	5
2025.06.27	139600	139740	138300	139335	4311438	12888531	5
2025.06.30	139250	141450	138025	141115	4437997	13572073	5
2025.07.01	140900	141950	140725	141785	4523643	13400152	5
2025.07.02	141830	142200	140400	141435	5033023	16123132	5
2025.07.03	141160	143445	140865	143125	4285251	13689174	5
2025.07.04	142675	143825	142415	143815	3139189	9212872	5
2025.07.07	143360	143415	141145	141325	4314703	14434276	5
2025.07.08	141670	141895	140530	141250	4639137	14853931	5
2025.07.09	141280	141340	137155	137820	4458197	14619877	5
2025.07.10	137320	138875	136755	138575	1440879	14217536	0
2025.07.11	138100	138255	137005	137615	1332117	13124695	0
2025.07.14	137370	137720	136225	136740	1273429	12501361	0
2025.07.15	136880	137535	135650	137175	1454851	14457463	0
2025.07.16	136640	137280	135525	136495	4707232	15155740	5
2025.07.17	136210	137065	135635	136795	4189123	13358287	5
2025.07.18	136565	136640	134310	134725	4346331	14208242	5
2025.07.21	134140	136050	134040	135145	4077696	12491618	5
2025.07.22	135250	136385	134785	135575	4282174	12671542	5
2025.07.23	135675	136800	134505	136360	4407378	14524563	5
2025.07.24	136065	136160	134510	134595	3813037	12372466	5
2025.07.25	134530	135555	134075	134280	3913396	12857314	5
2025.07.28	134210	134885	132335	133065	3996229	12893828	5
2025.07.29	133150	134100	132770	133355	4306269	13812225	5
2025.07.30	133435	135870	132495	134560	5964364	18329610	5
2025.07.31	133980	134210	132520	133635	4446148	15005278	5
2025.08.01	132905	135480	132505	132990	5262398	16283581	5
2025.08.04	133400	134585	132815	133200	4691928	14790649	5
2025.08.05	132760	134650	132600	133520	5186044	16729636	5
2025.08.06	133760	135585	133740	134780	4924105	16548647	5
2025.08.07	135225	137265	135035	137060	4678780	16075606	5
2025.08.08	136705	136795	135720	136365	4283785	14746803	5
2025.08.11	136105	136445	135510	135850	4299297	14073125	5
2025.08.12	136335	138490	136070	138135	4573067	15047802	5
2025.08.13	141130	141445	139530	139675	3690919	12126011	5
2025.08.14	139480	140460	138485	139400	4514605	15309189	5
2025.08.15	139500	140820	138400	139395	3929601	13291750	5
2025.08.18	139295	140820	138955	140075	4245867	13770442	5
2025.08.19	140170	140200	136250	136490	4730049	17179543	5
2025.08.20	136795	137665	136460	137145	4572422	15455438	5
2025.08.21	136960	137565	135900	137140	2647742	8662578	5
2025.08.22	137165	140925	137005	140740	4332934	14594795	5
2025.08.25	140780	141585	140500	140850	3938882	13039301	5
2025.08.26	140525	140735	139450	140435	3950842	13263278	5
2025.08.27	140100	141765	139540	141310	4556031	15030335	5
2025.08.28	142150	144660	142115	143750	4312250	15181579	5
2025.08.29	143005	144775	142870	144095	3808432	13186821	5
2025.09.01	143905	144250	143035	143610	3572805	11506432	5
2025.09.02	142650	143250	141615	142500	5047682	16312820	5
2025.09.03	142700	142815	141590	141780	4429080	14520121	5
2025.09.04	141750	143495	141550	142965	4302003	14539994	5
2025.09.05	143240	145465	143160	144650	4387947	15113162	5
2025.09.08	144850	145025	143145	143790	4101695	14260476	5
2025.09.09	143930	144475	143340	143605	4357119	15154379	5
2025.09.10	143780	144920	142965	144335	4675705	15539743	5
2025.09.11	144150	145695	143380	144795	4686305	15432157	5
2025.09.12	144395	144870	143550	144165	4057286	13754057	5
2025.09.15	144150	145805	143930	144790	4888988	16459886	5
2025.09.16	145620	146260	145050	145475	5215210	16874758	5
2025.09.17	145400	147895	145115	146995	6221855	20255081	5
2025.09.18	147100	147395	146325	147105	4411907	13789702	5
2025.09.19	146730	147720	146435	146840	4168679	13420546	5
2025.09.22	146675	146775	145240	146245	4568586	15101935	5
2025.09.23	146135	148375	146040	147590	4917066	16227937	5
2025.09.24	147590	149000	147155	148800	4591042	15260996	5
2025.09.25	148000	148700	146110	146405	4784244	15875249	5
2025.09.26	146545	147170	145975	146360	3852077	12760173	5
2025.09.29	146635	149095	146620	147305	4049531	13564960	5
2025.09.30	147400	148435	146610	147135	3915509	13765079	5
2025.10.01	147205	148125	145910	146255	5096126	16303523	5
2025.10.02	146750	147280	144235	144725	4772773	16695516	5
2025.10.03	145000	145160	144210	144670	4446975	15362718	5
2025.10.06	144860	145335	143820	144060	4677479	16319581	5
2025.10.07	143650	143715	141420	141615	4700307	16472568	5
2025.10.08	141700	142780	141640	142490	4439889	15154265	5
2025.10.09	142900	143800	141810	141890	4882928	16042877	5
2025.10.10	142145	142685	140055	140350	5840043	19116664	5
2025.10.13	141550	142450	141480	141615	5029863	16041543	5
2025.10.14	140590	142690	140500	141790	5411981	17459999	5
2025.10.15	145145	146100	144005	145715	5246171	16834436	5
2025.10.16	145735	146195	144330	145010	5202844	17344967	5
2025.10.17	144885	146545	144080	146450	4852746	16047462	5
2025.10.20	146320	148215	146250	147300	5033856	16047612	5
2025.10.21	147100	147740	146645	147235	4867380	15638988	5
2025.10.22	146995	147945	146565	147915	5465024	17491964	5
2025.10.23	147960	149125	147770	148785	4555225	14960018	5
2025.10.24	148545	150095	148450	148815	3975279	13275481	5
2025.10.27	150075	150750	149475	149790	3932290	13212693	5
2025.10.28	149520	150525	149065	150375	4301297	14515360	5
2025.10.29	150465	151740	149815	151295	4872378	16698139	5
2025.10.30	151000	151795	149900	151760	4276573	14882389	5
2025.10.31	151485	152245	151355	152225	4428930	14254100	5
2025.11.03	152225	153225	151965	153000	4381324	14075029	5
2025.11.04	151950	153250	151750	153050	4482764	14825175	5
2025.11.05	152850	155990	152515	155915	5426314	19188558	5
2025.11.06	155455	156570	155455	155750	4861425	16211678	5
2025.11.07	155635	156350	154500	156240	4905931	16446808	5
2025.11.10	157100	157940	156670	157820	4416641	15503479	5
2025.11.11	157940	160605	157940	159835	5543604	19500981	5
2025.11.12	160000	160170	158610	159615	4622436	16273060	5
2025.11.13	159950	160295	158475	159040	5379253	18371316	5
2025.11.14	158295	160275	158065	159310	5209544	17874270	5
2025.11.17	159585	159670	158335	158840	5283203	17365159	5
2025.11.18	158100	158750	157120	158095	5583551	18434506	5
2025.11.19	158360	158440	156260	156880	4786095	15968808	5
2025.11.21	155200	156690	155025	156440	5379917	17168852	5
2025.11.24	156750	157335	155930	156975	4586419	15424527	5
2025.11.25	156885	157760	156035	157300	5384300	17974421	5
2025.11.26	157500	160145	157415	160145	4823231	16740509	5
2025.11.27	159815	159980	159285	159610	3173207	10133469	5
2025.11.28	159485	160840	159465	160100	4416087	13390817	5
2025.12.01	160000	160360	158945	159690	4272563	14342720	5
2025.12.02	160025	162425	159745	162270	5359295	17844228	5
2025.12.03	162380	162900	161970	162650	5250396	17396944	5
2025.12.04	162655	165505	162650	165270	5350386	19325362	5
2025.12.05	165250	165785	157465	158325	7822407	23712244	5
2025.12.08	160090	160105	158110	158860	6069680	20350172	5
2025.12.09	158465	159415	155630	158210	6945975	23815407	5
2025.12.10	159300	160280	157965	159560	6713077	22532272	5
2025.12.11	158635	160270	158050	159465	5331780	18206249	5
2025.12.12	159715	161610	159540	161030	5624538	18508570	5
2025.12.15	161575	163300	161345	162755	5607393	18892438	5
2025.12.16	161250	161350	157325	157585	6080089	18346181	5
2025.12.17	161500	161690	159610	160340	5716751	17583579	5
2025.12.18	160660	161835	159845	161315	5321211	17220599	5
2025.12.19	161200	162725	160990	161600	4381643	14265906	5
2025.12.22	162055	162415	160150	161045	4759489	15641312	5
2025.12.23	161245	163520	160900	163400	4245422	14223045	5
2025.12.26	162935	164120	162100	164050	3882160	12576287	5
2025.12.29	163850	164335	162355	162990	4445389	14286357	5
2025.12.30	163430	164795	163070	163770	4168269	13482582	5
2026.01.02	163970	165040	162530	162700	4232119	13811842	5
2026.01.05	163160	164595	162565	164420	5003636	16548286	5
2026.01.06	164575	166655	164525	166200	5029364	17431756	5
2026.01.07	166250	166260	164010	164100	4463220	15112101	5
2026.01.08	163900	165080	163745	164925	4836806	15757409	5
2026.01.09	165150	166435	164510	165220	4638711	15609134	5
2026.01.12	165500	165800	164285	165355	4631039	15617295	5
2026.01.13	165485	165690	163635	163845	4802818	16761162	5
2026.01.14	164050	167315	163825	167260	5645768	19961649	5
2026.01.15	167000	168025	166625	167580	4942554	16722077	5
2026.01.16	167420	167990	165805	166520	3656903	12680081	5
2026.01.19	165780	166855	165600	166525	3509454	10885320	5
2026.01.20	165800	168080	164895	167695	5531558	19040409	5
2026.01.21	167795	173960	167795	173605	5936416	21213917	5
2026.01.22	173780	179710	173350	177360	6927654	21818103	5
2026.01.23	178510	182250	177180	180620	6207102	20179667	5
2026.01.26	181100	183385	179135	179750	6773941	19014432	5
2026.01.27	181360	184785	181270	183095	6377060	19688979	5
2026.01.28	184385	186460	183475	186300	7190307	20121444	5
2026.01.29	187700	188780	182645	184240	7158610	20282487	5
2026.01.30	183200	184765	181065	182695	7266529	21830355	5
2026.02.02	180820	184060	180820	183655	5802123	17230040	5
2026.02.03	184500	188315	184490	186465	6919298	20907633	5
2026.02.04	187180	187435	180935	182385	7019739	20779435	5
2026.02.05	182370	184870	182025	182980	6969482	20753474	5
2026.02.06	183860	184660	181925	183380	6268775	18405565	5
2026.02.09	183780	187060	183580	186790	5962834	18318608	5
2026.02.10	185960	187350	185460	186315	5641380	18062892	5
2026.02.11	187000	190955	186920	189880	6329726	19663953	5
2026.02.12	190740	191225	187120	188005	6894620	21083432	5
2026.02.13	187300	187540	183725	186680	6290107	17073314	5
2026.02.18	190460	191695	188780	190175	3345547	8865633	5
2026.02.19	190465	192565	189650	192250	5907487	16519188	5
2026.02.20	192345	194400	190260	193745	6081825	17903736	5
2026.02.23	193590	194675	192050	192475	5742738	16966547	5
2026.02.24	192720	195395	192515	195030	5693695	16739741	5
2026.02.25	196500	197760	193670	194310	5433306	15519313	5
2026.02.26	194005	195035	192170	194255	6049801	17786642	5
2026.02.27	194155	194300	191550	191550	6234821	17288568	5
2026.03.02	190135	193250	189555	192400	6799883	19394865	5
2026.03.03	188750	188750	183175	185000	8990972	25556559	5
2026.03.04	185995	189250	185935	187685	6640727	19493820	5
2026.03.05	187000	188410	182440	182805	8401641	23811148	5
2026.03.06	181500	183790	181010	182055	7986423	21917021	5
2026.03.09	180580	184525	179975	183700	8074256	22867615	5
2026.03.10	183790	187840	182935	185950	7509666	22874359	5
2026.03.11	186000	188165	183625	186010	7241386	20102372	5
2026.03.12	185335	185360	180520	181205	7607344	22038212	5
2026.03.13	182220	183185	179260	179900	6984948	20601120	5
2026.03.16	181800	183320	181265	182145	5934114	17712647	5
2026.03.17	181945	184685	180805	182240	6632839	20403219	5
2026.03.18	183075	183455	180330	180950	7340683	21071252	5
2026.03.19	180020	183240	177480	181995	7788736	21712226	5
2026.03.20	180425	181600	176385	180250	7093271	21043092	5
2026.03.23	179805	184600	177950	184200	8281094	23433234	5
2026.03.24	183500	186780	181145	185665	7695744	23240470	5
2026.03.25	186880	187810	185450	186850	7018256	21481246	5
2026.03.26	184895	186320	183725	184335	6871834	20151509	5
2026.03.27	183300	184650	182010	182115	5857753	18012529	5
2026.03.30	182895	185485	181935	183280	6108038	18980570	5
2026.03.31	184900	189130	184660	188885	7102995	21134400	5
2026.04.01	189825	190255	188060	188800	6798038	20819580	5
2026.04.02	186110	190105	185330	188660	6349553	19360932	5
2026.04.06	189200	189990	188350	188795	5563022	15737569	5
2026.04.07	188160	189530	186335	189260	6670264	19495120	5
2026.04.08	194135	195430	191570	192400	6764642	21446105	5
2026.04.09	192085	196150	192080	196150	5971250	19545431	5
2026.04.10	195925	198580	195510	198580	5430738	17698724	5
2026.04.13	196855	198465	196295	197915	5426809	18144129	5
2026.04.14	198655	199570	198105	198470	4920485	16088671	5
2026.04.15	202885	203495	201210	201720	4569313	15021184	5
2026.04.16	202065	202975	200535	200750	5022193	16685330	5
2026.04.17	201525	203470	199345	199650	5439937	18331930	5
2026.04.20	199660	200785	199175	200430	4528614	14909975	5
2026.04.22	200550	200660	196120	196135	5317801	17787249	5
2026.04.23	196275	197040	194425	194520	5736567	19366117	5
2026.04.24	195330	195430	193430	194355	4722792	16249994	5
2026.04.27	194760	195245	192600	192755	4663316	15951114	5
2026.04.28	192075	192310	190550	191890	4813412	16872998	5
2026.04.29	191670	191695	186865	186900	4848950	17290498	5
2026.04.30	188500	191035	188305	189980	4278813	15256136	5
2026.05.04	189490	190870	188195	188580	4788573	17555067	5
2026.05.05	189525	190245	188040	189400	4896613	17272751	5
2026.05.06	191440	192560	189635	190000	5380501	18714703	5
2026.05.07	190300	190575	185180	185260	5775245	20019957	5
2026.05.08	186000	188255	185800	187190	4918233	16746381	5
2026.05.11	187400	187400	183940	184600	5292080	18126808	5
2026.05.12	183800	184090	182145	182770	5308002	18065247	5
2026.05.13	182750	182900	178790	179105	5564786	19143382	5
2026.05.14	179055	181550	179055	180675	4818196	16729366	5
2026.05.15	179000	179425	177220	179360	5032445	17097321	5
2026.05.18	179000	179550	177580	179530	5247022	17783365	5
2026.05.19	178560	178700	175200	176465	5563071	20252108	5
2026.05.20	176465	179945	176180	178650	4906603	17533842	5
2026.05.21	178060	180355	177305	178700	5072306	18195686	5
2026.05.22	178495	178910	176310	177745	1756466	15744730	0
